,Repa -N8,Accelerate (kernels),Accelerate + wildfire,OpenCV (CPU),OpenCV (GPU)
256,0.005843,0.000501,0.006496,0.002290,0.001370
512,0.018410,0.001746,0.010712,0.008090,0.003720
768,0.032642,0.003774,0.015963,0.017760,0.004570
1024,0.053460,0.006554,0.020744,0.032950,0.005750
1536,0.093521,0.014497,0.030922,0.075170,0.009140
2048,0.158984,0.025423,0.042934,0.132720,0.014180
3072,0.278492,0.056735,0.067753,0.288410,0.026490
4096,0.473076,0.099981,0.107555,0.481480,0.046000